,r1,r2,r3,trX,trY,trZ,scale
0,0.0035829953818668258,-0.0006997894266257627,-0.0021834645638055044,-0.44047999074197974,18.63277614664584,16.068653489480344,0.9915030492793654
1,0.010078667729519368,0.0018738956578436736,0.0008033943201049996,-1.065688680351644,19.600005188799862,14.189948309158789,0.9875338145811927
2,0.013654734881387782,0.0016634474973887322,0.0005927978190101223,-0.2791318385466426,18.273880365795502,14.236879878219558,0.9855032155889243
3,0.01976222632243138,0.0018471053216357989,0.0030604467159377332,-1.2502119801476614,18.395083141555872,14.693063589601255,0.9825007766127831
4,0.021344045692445374,0.0010064154872700905,0.0032135736767357845,-0.5558153930634959,18.23261735759904,14.442600560643905,0.9818671836886089
5,0.023241045156402556,0.0014548539647996584,0.002622538185173956,0.1991102439407041,18.195362234820635,14.445648576263135,0.9823771393483681
6,0.02778069683359415,0.001600603824645002,0.005275075655537695,-0.14817356576187068,18.58807264692209,14.374859880942452,0.9833049381860286
7,0.029159173533750606,0.0009233886861353136,0.005830517553389176,-0.05749879481944936,18.26505617380094,14.531642751379973,0.9880449360533573
8,0.030901007135970396,0.0012417760469986248,0.006297039203230562,-0.29892818086602946,18.356782219895393,14.509265751578873,0.9878040384133149
9,0.0334388076072639,0.0009575208775440833,0.006493385953213293,-0.36747984589165267,18.22807921352999,14.294962891133169,0.9873026744540246
10,0.03382979037831178,0.0010498771876395372,0.0064140370275751375,-0.21186637064696975,18.29378527961891,14.361308819484991,0.9880506777452768
11,0.03504748010367731,0.0011188819168434527,0.007156968804657232,-0.29527056680084546,18.251867326555548,14.447424278688114,0.9891252071837506
12,0.03742134281393509,0.0008711758385084958,0.007300237816234955,-0.22647896960198266,18.196723716276857,14.457996409926611,0.9894834610813564
13,0.037983520725647195,0.0009018642742151687,0.0073728137016858195,-0.24340118889807877,18.20135602529593,14.517710291449342,0.9895926979594571
14,0.03918568259342784,0.0010736514530932583,0.0075006355907156225,-0.2956841688321027,18.186996352525174,14.548192631108575,0.9894750342469997
15,0.03972418412091397,0.001158482594363818,0.007549901327938352,-0.2775542298511694,18.184755019753517,14.508648288248539,0.989361866500936
16,0.04013220564250026,0.0012313233579128665,0.007590866984065842,-0.2903892831528557,18.19424862526311,14.534625067031742,0.9893965287240113
17,0.040871304521585314,0.0013470706828107586,0.007646591893226312,-0.2823479471972454,18.197386253645025,14.515154444164915,0.9893137400663894
18,0.04118889496685114,0.0014099026205053361,0.007691047401797715,-0.289116205889239,18.203301509415343,14.527077149091053,0.9893283768457773
19,0.041927066231145026,0.0015277296112532605,0.007798568939923862,-0.2910189935210848,18.21803951934663,14.527587684244464,0.9892736873604722
20,0.0426234495975763,0.0016193809471682825,0.007909127124680707,-0.29168139588725933,18.23287258845229,14.526651718970307,0.9891402488197271
21,0.04323210436623908,0.0016890657056476965,0.008012761022352422,-0.2934959201411157,18.247293046775244,14.529901788564013,0.9889779866833911
22,0.0439184815336489,0.0017543591784985537,0.008149538221629397,-0.2945394661053128,18.261511897854916,14.534155558880094,0.9887803458730304
23,0.044852099805432505,0.0018596738460440508,0.00839759002945809,-0.3015869615408074,18.272165345468505,14.541663814433528,0.988541982284723
24,0.045304967972272805,0.0019434195966464164,0.008545208570397035,-0.2916316142181299,18.275227961521416,14.541809254680016,0.9884508859201204
25,0.045540935678279736,0.0019910809012937077,0.008608687145379277,-0.2978993770206024,18.276122878808838,14.545455946142337,0.9884251614604809
26,0.045934863469808684,0.002078163877919492,0.008707783792225294,-0.2931183919387781,18.277600481736098,14.546193813641157,0.9883712994572985
27,0.04621679664849565,0.0021413452171688543,0.008759499490947524,-0.2950738835424593,18.27890290929161,14.548841667678966,0.9883471351895121
28,0.04642106840123938,0.0021901156132910797,0.00878683322412416,-0.29262603680889526,18.279254051488596,14.548962232948433,0.9883296741398115
29,0.04675358359344721,0.002269604856787885,0.008819461708900442,-0.29197283712694466,18.28061697429048,14.550847013198496,0.988308512421587
30,0.0470550444179344,0.0023462800338144444,0.00883029929625306,-0.2899413051195538,18.281203464614336,14.55205127017355,0.9882933479648981
31,0.04733103307238664,0.0024197944250778213,0.00882551594955899,-0.28955483778354696,18.282138318148068,14.554278236260537,0.9882822425863375
32,0.0476157264664846,0.002500468720112642,0.008807238542274509,-0.2879412771681637,18.282642190821964,14.55603890292045,0.9882691477731471
33,0.04790173972096373,0.002583909027864277,0.008776725658602066,-0.2876334891685333,18.28312852085221,14.55840932929075,0.9882553514352873
34,0.0482719082969419,0.0026957094568564426,0.008722561786972295,-0.28636678559181855,18.283055788789813,14.560431317498368,0.9882318813781019
35,0.04866773901178369,0.0028169929526786538,0.008647667033989516,-0.2871931529917876,18.28255419594612,14.562591222223078,0.988203714532265
36,0.04897303475177751,0.0029111870493008724,0.008578942785655087,-0.2858963736454321,18.28156538962678,14.5625293771192,0.9881794137818042
37,0.049088015274745954,0.0029450915097641267,0.008551421188407978,-0.28683061799122483,18.281705553181894,14.563278943620409,0.9881713241232639
38,0.04944492809962395,0.0030500608990625838,0.008463971295730578,-0.2873147598874491,18.28176829478291,14.564109964076144,0.988145081060068
39,0.04973330096029861,0.0031289088705127362,0.008392757487911438,-0.2874287446017947,18.282619895442952,14.564740701544437,0.988125331386471
40,0.049963180388022777,0.0031848177318541276,0.008338515621702423,-0.287776189001356,18.283664810615072,14.564997845795817,0.9881124901671239
41,0.05015805401101142,0.0032260589152309773,0.00829557026983303,-0.2877858568775413,18.284825485839153,14.565032757546195,0.988103662388433
42,0.05032033090910953,0.0032554158170346775,0.008262294946330415,-0.2880318369367999,18.285981645242135,14.564967251714293,0.9880975953804602
43,0.05047888367573086,0.003280031077464572,0.008232103691863184,-0.28801621260547944,18.28712898747701,14.56466480747652,0.9880927910490609
44,0.05063200787453922,0.003299744172210327,0.00820514126839086,-0.2881393257344644,18.28829059712081,14.564436736526138,0.9880890937181245
45,0.05079181161228075,0.003316352640611678,0.008179322714028126,-0.28809635880134915,18.28942932476743,14.564104656408235,0.9880861081450987
46,0.05095407091687725,0.00332914051456533,0.008155814291172993,-0.28809694823937076,18.29058758036576,14.563849700541816,0.988083749591245
47,0.05112640987458504,0.0033387304267348174,0.008133534771816744,-0.2879193498073814,18.291718956131003,14.563563355437651,0.9880820214419901
48,0.051306641021859334,0.0033447506152450364,0.0081129122751584,-0.2877229449809022,18.292869002925485,14.563416007022305,0.9880811359739097
49,0.051499887058348924,0.0033473205158007667,0.008093872094987516,-0.28723600173227876,18.293913906305864,14.563229376025582,0.9880814605131827
50,0.05171405149582193,0.003346416360482104,0.008076147278637232,-0.2868701150117553,18.29500090164381,14.56334923127854,0.9880837083508498
51,0.05190544017704333,0.0033433206252075237,0.008063016567371534,-0.28598506903902954,18.29576500961958,14.563335480814331,0.9880878072812406
52,0.052116862822466546,0.003338611058685877,0.00805051751395025,-0.28559723781007296,18.296756836665843,14.5637836360343,0.9880942345435709
53,0.0522597686465076,0.0033355593827314057,0.008043335430700281,-0.28445296244673673,18.29710819458069,14.563785255006168,0.9880999689381752
54,0.05244586749468688,0.0033316518473119117,0.00803467076950464,-0.2839786361293182,18.297928652118365,14.564476299309087,0.9881077052755676
55,0.05258136380984843,0.0033296552294557915,0.008028731228992813,-0.28278939109647067,18.29806693054623,14.564564316409708,0.9881139656206291
56,0.052762877573531715,0.003327389339583544,0.008021125584019894,-0.2820699295243376,18.29857090376465,14.565345928175832,0.9881224324644848
57,0.05290100502438951,0.003326427827530962,0.008015096610152494,-0.28092255754005746,18.298600110863568,14.565693729586974,0.9881292959004914
58,0.053059763209696284,0.003325425048961891,0.0080078596930138,-0.2800620058212141,18.29880694390906,14.566487647193899,0.9881370909196419
59,0.053202045831874975,0.0033247439307425384,0.008000414100727465,-0.27898957290315146,18.29870544139137,14.567010245282793,0.988144476790643
60,0.05334424518226226,0.0033239737590910158,0.007992152785470375,-0.2780312162539973,18.298549739505706,14.567710866811256,0.9881522105360686
61,0.05346715053974506,0.0033230987648675656,0.007984070506235503,-0.277061116502411,18.298241756081158,14.568357514737599,0.9881591032454496
62,0.05357776044282051,0.003321941171802966,0.007976089647329416,-0.27615901901186685,18.29784294748418,14.56905951396903,0.9881652744608643
63,0.05367897005945273,0.003320551669024375,0.007968144815388047,-0.2753072438014076,18.297353717686416,14.569772788027812,0.9881706830495189
64,0.05377177809796395,0.00331899715435507,0.007960266888358521,-0.2745071952383608,18.296784737070084,14.570491368742987,0.9881753482430289
65,0.05385692932884787,0.003317390565265146,0.007952477085673516,-0.2737535778260906,18.29614790317458,14.571207018911796,0.988179272119038
66,0.053935368340786626,0.0033157512720432673,0.00794482843609395,-0.27303746806791684,18.295455155509245,14.571912254498931,0.9881824731822811
67,0.054007665240682824,0.003314092915673073,0.007937392682330003,-0.27235484528128884,18.29471434781705,14.572604374386511,0.9881850196690907
68,0.054074520570934766,0.0033124246376277735,0.007930201379800527,-0.2716982316819438,18.293934203689272,14.57328045698088,0.9881869896125124
69,0.05413673444157128,0.0033107632096600124,0.007923245193034834,-0.2710634460714946,18.293121652884192,14.57394082092046,0.9881884486422275
70,0.054194662146504015,0.003309136873097157,0.007916547859441956,-0.2704481861015278,18.292284773965804,14.574590776424746,0.9881895026484682
71,0.054248981856406864,0.0033075564999233815,0.007910068618590399,-0.2698527882176298,18.291424012614634,14.575229197710451,0.9881902363679019
72,0.054300062530853156,0.003306029390335976,0.007903815264895109,-0.26927654848148586,18.290540576801508,14.575855186015469,0.9881906681865297
73,0.05434830085155031,0.003304545574291691,0.007897771867518652,-0.26871691680642695,18.289635971125406,14.576466755112381,0.9881908721118602
74,0.05439397618214062,0.003303108279949006,0.007891942834141028,-0.26817413977321714,18.288711691668706,14.577064745626988,0.9881908958985999
75,0.05443729598330995,0.003301722550376278,0.007886337266211877,-0.26764722369591953,18.287769514589776,14.577649558032876,0.9881907727628304
76,0.05447839921126498,0.0033003936616954905,0.00788096477706888,-0.26713714675489925,18.286808777860177,14.57821956824154,0.988190529480327
77,0.054517378929324616,0.003299125807723499,0.007875839300492054,-0.2666422574013588,18.285831375938645,14.578775057482439,0.9881901930289881
78,0.05455437378630797,0.003297920252351819,0.007870967772989793,-0.2661619546530685,18.284839371620127,14.579317874763104,0.9881897830697666
79,0.054589533437397496,0.0032967781892240433,0.007866351998428488,-0.2656972792773277,18.283830872212448,14.579844145627023,0.9881892806485484
80,0.054622986768870556,0.003295701840397364,0.007861999915881927,-0.26524770601389497,18.28280675165127,14.580353552962347,0.9881887126853648
81,0.054654835524104134,0.003294688355120851,0.007857913418371281,-0.26481187701308395,18.28176914569425,14.580847811577852,0.9881880963147027
82,0.05468517972825752,0.00329373849300686,0.007854091448285055,-0.26438898434950087,18.280720301291165,14.5813298240333,0.9881874500953794
83,0.054714104821489626,0.0032928533576952654,0.00785053344181784,-0.2639781576404327,18.279661459026922,14.581800641307513,0.9881867903455165
84,0.05474170878055674,0.003292032635918166,0.007847236461704479,-0.2635780884850641,18.278593488403644,14.582260298801415,0.9881861251459996
85,0.05476811001375419,0.003291272069389316,0.007844186698003736,-0.2631880332429693,18.277517670710836,14.582710456548497,0.9881854607745882
86,0.05479341028671479,0.0032905669056417443,0.00784137118654698,-0.2628071880796708,18.276435068291665,14.583152420253864,0.9881848020576895
87,0.054817714507028464,0.003289912245393726,0.007838775979377061,-0.2624350378807392,18.275346602617784,14.583587567249259,0.9881841530741117
88,0.05484111782547124,0.0032893032213192237,0.007836388430284292,-0.2620711044555291,18.27425277987382,14.584016388027631,0.9881835178636388
89,0.05486369614019259,0.0032887360872496966,0.007834197505032739,-0.2617147904606507,18.273154096891112,14.584439324219083,0.9881828999789206
90,0.0548855274129058,0.003288205138961319,0.007832193232483933,-0.261364990184425,18.2720513736049,14.5848573152451,0.9881823039118325
91,0.05490670522520456,0.0032877068770826314,0.007830366264798105,-0.2610204488811825,18.270945152114233,14.585270541922368,0.9881817236326215
92,0.05492729967173488,0.0032872394645013588,0.007828708444701194,-0.260680476147513,18.269835604345122,14.585678725107984,0.9881811580866244
93,0.05494736135412546,0.0032868005152052503,0.0078272103849352,-0.26034468299121216,18.26872315660985,14.586082560774862,0.9881806150684949
94,0.0549669430472349,0.003286385744344769,0.007825864308812228,-0.26001322636113255,18.267608092586492,14.586482844607952,0.9881800992425326
95,0.0549860875968168,0.003285992180466333,0.007824661614712453,-0.2596870151427632,18.266490352462064,14.586880048771441,0.9881796191108113
96,0.05500484207726267,0.003285616653539516,0.007823595757968073,-0.25936626164604426,18.265370278262022,14.587275193690871,0.988179181449262
97,0.055023247909849485,0.003285256608361134,0.007822661300900813,-0.259050576920251,18.26424819679148,14.587668789873781,0.9881787877607994
98,0.05504134330035497,0.0032849107108625687,0.007821853560496169,-0.25873897932608275,18.263124531857756,14.58806118265206,0.9881784398243756
99,0.05505916535516037,0.003284576962453439,0.007821167071454261,-0.2584308264612522,18.261999599352826,14.588452714100914,0.9881781410463394
100,0.05507674476178238,0.003284254106998715,0.007820593812126126,-0.25812542273891587,18.260873710176043,14.588843694173336,0.988177899762656
101,0.055094114238369324,0.0032839414009743564,0.007820129487976562,-0.25782232393170607,18.259747144312882,14.589234556923293,0.9881777212516172
102,0.055111308217219136,0.0032836378425934497,0.007819769964483143,-0.2575211733214221,18.258620139749127,14.589625692396963,0.988177609333172
103,0.055128362126206656,0.0032833423190211197,0.00781951153383952,-0.25722163542829257,18.257492918295164,14.590017465670766,0.9881775678544038
104,0.05514531960534317,0.0032830537342310325,0.007819350511991466,-0.25692359184417574,18.256365746194213,14.590410535462915,0.988177601015842
105,0.05516221700732454,0.0032827711751436056,0.007819284280993669,-0.25662672115265045,18.255238805733033,14.590805164420727,0.9881777167837933
106,0.05517910483774322,0.003282493167844137,0.0078193107634909,-0.2563304247379061,18.254112346243918,14.591201595707114,0.9881779221635588
107,0.05519602173175096,0.0032822190518518096,0.007819429186861543,-0.25603432769750994,18.252986541403484,14.591600025462922,0.9881782260768964
108,0.055212997743838636,0.003281948496112571,0.007819639594782806,-0.2557381055823329,18.251861546674828,14.592000634181199,0.9881786413395562
109,0.055230065380439626,0.0032816807195632006,0.007819942042352077,-0.25544159343069983,18.250737484335925,14.592403622523069,0.9881791812277182
110,0.055247259384017845,0.0032814147407973318,0.007820336469514556,-0.2551448177179225,18.249614388216244,14.592809081133183,0.9881798588344047
111,0.055264618328054314,0.0032811516795382407,0.007820820451587829,-0.25484739681059115,18.248492584640452,14.59321760473701,0.988180686356665
112,0.05528219081808826,0.003280894026313765,0.007821390072295802,-0.25454873100119874,18.247372766609487,14.593630605609667,0.9881816775630552
113,0.05530002418475133,0.0032806431588519283,0.007822042260853776,-0.2542486604679009,18.246255065055415,14.59404824955596,0.9881828519715036
114,0.055318167970799845,0.0032804019859801643,0.007822772759173414,-0.25394679549178684,18.245139368087777,14.59446988639836,0.9881842261144685
115,0.05533668247019034,0.003280171612760877,0.007823580316113582,-0.2536424381565669,18.24402585498847,14.594895420638636,0.988185811918141
116,0.05535565093611681,0.003279950756408851,0.007824465954411478,-0.253335817757979,18.242914432816423,14.595324698297489,0.9881876280177948
117,0.05537516645107717,0.0032797384790522466,0.007825431756129519,-0.2530267326492059,18.241805289822093,14.595757984316538,0.9881897018382155
118,0.05539533660526172,0.003279535146023062,0.007826476311491143,-0.2527143101294019,18.240698779260992,14.596195464554679,0.9881920643143499
119,0.055416288944581914,0.0032793403087475565,0.007827600411939363,-0.2523977783440885,18.23959523358743,14.596637307959819,0.9881947525396731
120,0.055438177185692085,0.003279154027674489,0.007828806361804098,-0.2520761731696498,18.238495097329427,14.59708378031354,0.9881978139715375
121,0.05546119500051018,0.0032789760912241357,0.007830098451363019,-0.251748360010216,18.237398828817675,14.59753499411899,0.9882013074084852
122,0.055485588634994046,0.003278805978072205,0.00783148114389393,-0.2514128611859862,18.236307075447147,14.5979911833636,0.9882053083794975
123,0.055511682659590784,0.0032786447030840197,0.007832956137328123,-0.25106671300751116,18.235221155420984,14.598452921349685,0.9882099086712546
124,0.05553991693899616,0.0032784934196989886,0.007834526197570114,-0.25070684764827267,18.23414280094618,14.598921340377528,0.9882152416890876
125,0.055570875688864416,0.0032783540535406214,0.007836193484226683,-0.25032916763942453,18.233073772384216,14.59939636111207,0.9882214839630927
126,0.05560536474101895,0.0032782324646156765,0.007837955212874555,-0.24992760766593375,18.232016509631116,14.59987709991943,0.9882288857943643
127,0.05564460819945398,0.0032781369769666058,0.007839806693742526,-0.24949475108280414,18.23097445322785,14.600362368252544,0.988237824404552
128,0.05569055355216328,0.0032780791987401903,0.007841730880299467,-0.24901977117094792,18.22995268042074,14.6008489598712,0.9882488999258687
129,0.05574647419483469,0.003278090968664794,0.007843681835053826,-0.2484797302751588,18.22896282303425,14.60132935298663,0.9882631315121567
130,0.05581869839487462,0.003278270864781847,0.00784551195967562,-0.24784008597664436,18.22802451412157,14.601781144763358,0.9882825273641873
131,0.05591879613401517,0.003278875863489205,0.007846644827626752,-0.24703423942757385,18.227186966412766,14.602132024045803,0.9883108651279305
132,0.05606305196622693,0.0032806498938044715,0.007845241151599203,-0.24598650708839145,18.226611944800002,14.60216734789031,0.9883537993567448
133,0.056228786593756304,0.0032845719199806607,0.007838482905291546,-0.24493484421293485,18.2265250169211,14.6016303729303,0.9884052871429209
134,0.056375122159584734,0.003290297576133142,0.007827613551244075,-0.24406757964200054,18.226678089241144,14.600823683536886,0.9884516558346378
135,0.056512034475153385,0.0032976105094387528,0.007814027219393558,-0.24326630782383724,18.226944580253,14.59997284638919,0.9884947871875549
136,0.056641773723552225,0.003306279519030347,0.00779862835293171,-0.24253469165526215,18.227229759899462,14.599062888598331,0.9885348252698497
137,0.05676909049363143,0.0033164314121215616,0.007781465779726025,-0.24185266425238497,18.227514285006514,14.598113792626602,0.988573214647957
138,0.05689487584096306,0.003328127852983545,0.007762572447601477,-0.2411883042331152,18.22784682692819,14.597167107969721,0.9886102675900752
139,0.05701734228383908,0.003341202521433321,0.0077424044989109235,-0.24053151926201635,18.22823907168107,14.596236491300218,0.9886455268745946
140,0.05713474214603737,0.003355260678761814,0.007721593702128124,-0.23987876432295593,18.22866002721034,14.595313017032707,0.9886783860421771
141,0.057248012936505346,0.0033701810127619736,0.007700336896238301,-0.23921093497188972,18.229067418842227,14.594392195957298,0.9887091752685907
142,0.05735930562729816,0.0033859240253518784,0.0076785999538469246,-0.2385514601912827,18.229475688303253,14.593464847789832,0.9887384382188931
143,0.05746868770128598,0.003402138119677585,0.007656569758205906,-0.23790800292429465,18.229896448193898,14.592530952593885,0.9887661023210134
144,0.05757876960460526,0.0034189168351753487,0.007633829845599072,-0.23730058929478226,18.230322311673493,14.59157587653001,0.9887925966396508
145,0.05769014496332499,0.003436121021855315,0.007610300709554524,-0.23674453902987821,18.230753654013448,14.590593054920419,0.9888179536394692
146,0.05780353811052603,0.00345375744944853,0.0075856722427269825,-0.23621093114150177,18.231155440808227,14.589586589310938,0.988842324670889
147,0.057917174009587846,0.0034715418625111205,0.007560245277727357,-0.23567795390126706,18.23147581223872,14.588551167050566,0.988865404595454
148,0.05802920213443215,0.0034892638509899875,0.00753439861087609,-0.23515361751127342,18.23168498107332,14.587482726627972,0.9888870298740112
149,0.058140094666557486,0.0035070640336156023,0.007507977432210799,-0.23463047346307422,18.231775721297343,14.586396787794135,0.9889075345567565
150,0.07469831310837502,0.003269360884848872,0.005370969959094797,1.3387736317572017,18.983139498307985,13.847012181917831,1.000907462349113
151,0.07684152405646695,0.0033201204000814603,0.005577286912504916,0.050530230385457786,18.718667821548788,14.016213492916066,0.9985233907788125
152,0.09449283918542525,0.0038285990443213186,0.005758156312028414,-0.6118417901079541,18.15168353296486,15.014524768274349,0.9895928074304985
153,0.09690568996579275,0.004059906628915164,0.005813309863422565,0.17117562402815267,18.171241275146897,14.516549037062253,0.9905122552731416
154,0.10117773815652747,0.003974373509447314,0.0053577930314055245,-0.2523234323828941,18.50101302972325,14.150545443477418,0.9920912435889377
155,0.1038816436226905,0.00414797913506156,0.005386809227927399,0.18998597352753,18.582787318570368,14.217548347122548,0.9938797939958336
156,0.10745139705751267,0.004005987521417797,0.004985504954150052,-0.10914049076483445,18.6422292847849,14.12648924984861,0.9948670547331593
157,0.11046052687496974,0.0044148635626893645,0.0049573459024778496,0.09067244695139604,18.545891516025115,14.105984773433095,0.9949300184721525
158,0.11322299543324223,0.004277005290198883,0.004707940404778172,-0.03346515712667332,18.59775567458733,14.184749211393669,0.9944522755621282
159,0.11772267222345167,0.0037502811714509206,0.005170695884295449,0.04656289203807129,18.668916552162994,14.165481679245863,0.9952683111714554
160,0.11949815282929689,0.0037547124158632695,0.005283255343374315,-0.011851915270900508,18.67949193888031,14.213500022011363,0.9956955554076136
161,0.12248557651047365,0.003633725050882981,0.005369808986931507,-0.06619816313627783,18.658462723442483,14.164399588268376,0.9957162038499271
162,0.12354653574435893,0.0036658953865297424,0.005255095853713549,-0.015253125949178312,18.663237914122064,14.179897969617148,0.9957380386008727
163,0.12515273639577773,0.0037244489671067493,0.005030865387486441,-0.051975422801044814,18.662473583076547,14.173335090395895,0.995661207694698
164,0.12617325600154317,0.003719091674248623,0.004977762178119412,-0.030900502158369127,18.65492835991448,14.186828538369948,0.9957766269233815
165,0.12728592168118916,0.003695439909939337,0.004914860492403484,-0.04544911640742055,18.647189417763094,14.194589196164834,0.9957526692318539
166,0.1290176327274542,0.0035777686136213797,0.004949348556471708,-0.03516122358667213,18.64174163456273,14.198745269823787,0.9957759686207674
167,0.12993988973570794,0.003520294655627575,0.004952274103469291,-0.030401939567598135,18.631586601735968,14.192762363352253,0.9957136257716034
168,0.13114454236709538,0.0034707417540105943,0.004882668840321892,-0.02431081466089445,18.621187042384918,14.189039665826359,0.9956607892621292
169,0.1321686575618162,0.003454326557999513,0.00478081307201874,-0.01406959947541668,18.622405918247555,14.196412987053938,0.9957117903535408
170,0.1338871003668048,0.0034154913945435386,0.004615571200767662,-0.010779320903866265,18.627169643510136,14.207338628964136,0.9958553995406302
171,0.1351951821571371,0.0034075215337508727,0.004495938338275283,-0.016907930970357938,18.638139615406207,14.207005977873877,0.9959547158809969
172,0.13609084572621494,0.0034322174880905203,0.0043916403183784205,-0.013932189151672473,18.645652455762818,14.216826011937926,0.996003532805449
173,0.13674374359526859,0.0034526034041194396,0.00431039194289023,-0.011913533392261021,18.653782589281214,14.226475184631887,0.9960478692723592
174,0.13740699163331632,0.003476079184079962,0.004232839244089194,-0.00855715268895212,18.661790584067077,14.235847160741265,0.996083463304206
175,0.13813128896324375,0.0035091524581672704,0.004158578644657863,-0.005228147272956719,18.67096685515338,14.244068852521997,0.9960931963233816
176,0.13911653820667505,0.0035573568964272976,0.004078981010561857,-0.002566030431279557,18.680998935052735,14.251371155582031,0.9960569954903391
177,0.14039894940016304,0.00360751088885817,0.003981386996527557,2.998505431605139e-06,18.691502915566815,14.257801563430663,0.9959735474690379
178,0.1421400328393621,0.0036679760884006443,0.003883721504560969,-0.005802429871076221,18.70142491146548,14.253276750781366,0.9959666964268344
179,0.14358070806431422,0.0037131945536981654,0.003865777978522155,-0.016977186776882668,18.69800490682663,14.248806562627331,0.9960607551997969
180,0.1452379689408239,0.003738625266501446,0.0038254576798045182,-0.013627717312055086,18.704845256964603,14.24539749727711,0.9961763415984523
181,0.14573323067465385,0.0037444679405608658,0.0038024840214212117,-0.007034583438471471,18.70842734798791,14.24054281702085,0.9961893330980128
182,0.14630782058254027,0.0037483397518942837,0.0037741674930665153,-0.0013129534857693756,18.71220635153538,14.234841683240237,0.9961865287845377
183,0.14714339644024238,0.0037503382046459926,0.0037314255897579383,0.002050727872101959,18.716711146120357,14.228029617891645,0.9961687973910964
184,0.1482316428016006,0.0037466656707265387,0.003690660301221843,0.0004543399515210722,18.717356111162967,14.219482157106258,0.9961426241479193
185,0.14895233846061837,0.003740202800982112,0.0036850156297807777,-0.0018875594365588065,18.712161720271876,14.212679037684408,0.996149296884186
186,0.1495195648497192,0.003727819692842996,0.0036832651559652292,-0.004929148481496425,18.705821604865502,14.20719198422954,0.9961709760330698
187,0.15028937406157702,0.0037029669478536873,0.0036822522691892685,-0.0076123737477287665,18.699536197653522,14.201558274196268,0.9962085213854746
188,0.1530526755072011,0.0036059971997622663,0.003662248132836329,-0.006501749703586514,18.701686395023067,14.19494678149037,0.9962754461802249
189,0.15373113184194398,0.003607541159337314,0.003603190971797319,-0.005407799693223164,18.697652946617723,14.199447998330944,0.9963227648740625
190,0.154453393107021,0.0036069533474259066,0.0035343923318820335,-0.0020193825466678405,18.69322504087042,14.20197440400098,0.9963606327657536
191,0.15517457917190275,0.003604580591918249,0.0034694138504072483,0.00039836904725270303,18.687613097443354,14.202346796459755,0.9964013417040217
192,0.15606867260958196,0.003602390213421073,0.003393683268632461,0.0016958577401193775,18.681728664736767,14.202465998269624,0.9964655373729466
193,0.1573785146795518,0.0035958575857390363,0.0033131489885005524,0.006105725327110476,18.678578864356787,14.200680025312884,0.9965600517188367
194,0.15801903445599455,0.003590216158977311,0.003311514956212572,0.009175454277087006,18.683367814665868,14.198316206351658,0.9965542957565285
195,0.15864346742290225,0.003584169115117096,0.0033203033044977887,0.011678342833128798,18.68736949945246,14.194347654534106,0.996533851349564
196,0.15928555668069327,0.0035789411734758153,0.003331882061539999,0.01324860789490098,18.691625745877076,14.190181878213037,0.9965139173751737
197,0.15998196899816544,0.0035726206913578415,0.003345848696689236,0.01369520674063078,18.697085587389907,14.187420187460644,0.9965050640662245
198,0.1606370489575212,0.0035661124141844825,0.00335823013377502,0.01299042322534675,18.703183088517996,14.186985297180648,0.9965097424600133
199,0.1612630488158009,0.00355960879106176,0.00336648377406221,0.011075186682974528,18.709043120343612,14.186885194804386,0.9965247828634825
200,0.1618642890369899,0.0035540420956424582,0.0033702661545123593,0.007904472320624608,18.714326121278326,14.186462145275648,0.9965491985338535
201,0.16244885066138803,0.0035511379914543,0.003370027054803129,0.00402631436355014,18.71897286255394,14.185200838587866,0.9965806837479525
202,0.1630597030314826,0.0035481461545338613,0.003367621822314793,0.00037546959372542757,18.723169788938915,14.182526849433856,0.9966217993307421
203,0.16382253460587107,0.0035423576317887475,0.003363946299596842,-0.0021331680607371453,18.726981575158437,14.178475885867721,0.996676703494371
204,0.16461455342172276,0.003538208488113254,0.003363755971500977,-0.0018338626638297305,18.727853648823622,14.172459515251957,0.9967257243343055
205,0.16522216322216293,0.0035359816448684036,0.0033706791990328767,-0.00038018870206838807,18.726908071338602,14.16653486338,0.9967562193267845
206,0.16594662263591212,0.0035332842981496207,0.003380426335030777,0.0011330868461442317,18.725507089949435,14.160771608905222,0.9967901244306927
207,0.1664675749923303,0.003535214092585569,0.003383422613994209,0.0017774445536197264,18.722168021068672,14.155580605624255,0.9968107148912042
208,0.1668848693873508,0.0035390890499834024,0.0033817875041574946,0.001857717080873563,18.717990459496658,14.150948891561415,0.996825851323981
209,0.16726965018119694,0.003543391898921063,0.0033783457364151693,0.0014318735531615434,18.713160237129507,14.147011112321843,0.9968374661884556
210,0.1676320809747381,0.0035472369261450114,0.0033739570538281263,0.0006584746619386221,18.707741020756842,14.143990992054341,0.9968469531109462
211,0.16798536977281694,0.0035504779148831547,0.003368162129360695,-0.00024931797437107535,18.701867623115163,14.142043397167752,0.9968560324614696
212,0.1683382599298358,0.003553049192953092,0.0033605254401233497,-0.0011955422699151494,18.69580949397995,14.140811012142253,0.9968644352781003
213,0.16874407629895555,0.003554767674239222,0.0033499738743088896,-0.0023254703455059377,18.689706704066303,14.140156261868443,0.9968720482702896
214,0.16930779813047578,0.003553697145650376,0.00333549868486897,-0.003660114873906133,18.68366208846779,14.140158054221583,0.9968757437994687
215,0.17009659289361936,0.0035454561177684133,0.003323211990246001,-0.0036997497758137084,18.677574149298625,14.140153233857381,0.9968749738871647
216,0.17075561995825836,0.0035360878242233374,0.0033194928269005566,-0.00220719238438957,18.672360533652068,14.137250008775107,0.9968873910722549
217,0.17140599253799868,0.003526167153322597,0.0033184468137820514,-0.0010097789101301752,18.669442764572153,14.131964444061833,0.9969047357628257
218,0.17204408816566205,0.00351634947677156,0.0033187625961655677,-1.8059759389097785e-05,18.66962064281747,14.12588709481508,0.996917232357387
219,0.17264304155930116,0.003509704554727932,0.0033152593895715656,0.0007070563032394281,18.673102038052125,14.120837056116144,0.9969264424201414
220,0.1731353533674427,0.003503754723315414,0.0033090164711558944,0.001515942969483952,18.678620774034577,14.118095230721401,0.9969298103684264
221,0.1736193526564429,0.0034957998331106585,0.0033002196484295918,0.00248662646323739,18.6845773324472,14.116599051935399,0.996923794057385
222,0.17409162935223557,0.003486923058490981,0.0032883039379792522,0.003229523635132664,18.690731627394953,14.11607015125331,0.996910253447936
223,0.17455431520410916,0.0034780126362010514,0.003273848591202557,0.0038594105353717146,18.696923746813283,14.116003955296199,0.9968943824648832
224,0.1750275940840813,0.003469976775678197,0.0032570068690403746,0.004450078586783536,18.703090204476826,14.116576785329562,0.9968796008288979
225,0.17551752504987622,0.003463989076487047,0.0032376465541046643,0.0049428984837111755,18.70912775177397,14.117969941177462,0.9968690945291778
226,0.17602501139762006,0.0034600868822235492,0.003216785534119532,0.005264619576314938,18.71514104490449,14.119486517957888,0.9968638238737644
227,0.17650601239058664,0.0034572416276479135,0.0031993726662027044,0.005398104372418179,18.721223154954096,14.120775618264247,0.9968620810077721
228,0.1769837793488928,0.003453551080656096,0.0031856785590698797,0.00521963383800618,18.727295175791962,14.122111069493585,0.9968582626969377
229,0.17758259429349887,0.003447654686295369,0.003171477657597771,0.004627702835396583,18.733282301070453,14.123507507557102,0.9968461558794066
230,0.17874330287734766,0.003435462762855481,0.0031483156162089693,0.003270851858983837,18.738732266416914,14.125093520061075,0.9968116164508629
231,0.1799894134415826,0.0034212966236503426,0.0031339760970613703,0.002517222634700142,18.73666451472068,14.127949090686975,0.9967836588474981
232,0.1806968386270465,0.0034101198193107305,0.003114293851934701,0.0005734534318197764,18.738647434244864,14.131053343819543,0.9967749721856909
233,0.18123393819206493,0.0034000631265572556,0.003093410433931951,-0.0014146042904150122,18.740952315987847,14.134046293185019,0.9967664853302957
234,0.1817575501370553,0.0033878469730432887,0.003072605074805652,-0.003020375490204151,18.743563165782998,14.137027270906069,0.9967535471256002
235,0.1823718851411273,0.0033686339412201806,0.003050783937616636,-0.004280610448172869,18.746573691678787,14.139710769278906,0.9967324555887794
236,0.18308964178674275,0.0033426294826215583,0.003026204197513657,-0.004744407450970196,18.7501625043087,14.141756610528526,0.9967053895640976
237,0.184032746506009,0.003313884194023275,0.0029855198887296826,-0.0038226032096277725,18.753984453902444,14.142274894624656,0.9966806559355965
238,0.18520378101225995,0.0032907816527053173,0.0029215493511271762,-0.001918423568007166,18.75409812370587,14.139099714284763,0.9966650376217174
239,0.1863402052172239,0.0032797594965512725,0.002863218844808661,-0.0032516589287949448,18.754534508093855,14.135623293353165,0.9966596265690683
240,0.18734712774004372,0.0032616250858284457,0.0028196341261018487,-0.0055842801631332505,18.754557022047656,14.132498366772444,0.9966562812447203
241,0.18934071565068136,0.0032060568832268333,0.0027231764515252884,-0.006316697818560173,18.756089986439623,14.132527537051134,0.9966568350486649
242,0.18993922233563315,0.0031917242218526074,0.002691640218875127,-0.0057010208762026705,18.75853972841839,14.135925478468463,0.9966778890183914
243,0.19051035868582272,0.003181992076655451,0.0026598930735809746,-0.005599291236988377,18.762100497582146,14.138242711259165,0.9967031665394228
244,0.19101229774146342,0.003176302519292726,0.0026303336708228256,-0.005644133625413858,18.76608559271468,14.139818990301821,0.9967293604006008
245,0.19147553771009623,0.003171506746654931,0.0026024828030406276,-0.005736130255782516,18.7701873733099,14.141118955048224,0.9967549762777574
246,0.19191828356884286,0.003166874304438918,0.0025774095175834077,-0.00568689086007589,18.77433567192416,14.142297846986317,0.9967788043021589
247,0.1923472498492439,0.0031620043348681215,0.0025565136733044333,-0.005274243005036217,18.7784754855653,14.143456645600759,0.9968013492544027
248,0.1927552422910102,0.0031564912120278575,0.0025401387779563226,-0.004575700638273373,18.78254212188595,14.144760158406436,0.996822589606444
249,0.19316263687958357,0.003150121340589638,0.0025260681396084795,-0.003690791297192547,18.786531101058667,14.146185573719096,0.9968428663668721
250,0.1935824378696755,0.003142170972681633,0.0025132613555372747,-0.0025777934742748166,18.790451580849222,14.147626138404947,0.9968622362550942
251,0.19402374175311043,0.0031321778968392685,0.0025006252082484144,-0.001230489798243239,18.794379508886692,14.148793664481381,0.9968811932163016
252,0.19450140426144732,0.0031202555800716983,0.0024866217086672157,0.00037331448893460507,18.79829696660802,14.149534559859932,0.9969008991632937
253,0.1950969881136926,0.003104695763807284,0.002467496934306416,0.0023665084505604186,18.8020338901755,14.14948457887499,0.9969255817719631
254,0.19583067202553817,0.003084306676999767,0.002442187779910872,0.00454947702950779,18.805252027133687,14.14805197243728,0.9969541691652777
255,0.19660502014923165,0.003060449073568002,0.002416553167154137,0.006114685053074073,18.809000113787672,14.147404006273408,0.9969783739731464
256,0.1973258232257835,0.003039371949595418,0.0023925194352347,0.006939464710648099,18.812950168371593,14.148387828765818,0.9970020630326104
257,0.1979387749956079,0.003021392101327947,0.002368976272018324,0.00719459831728575,18.816264302734126,14.150995790295053,0.997020676172121
258,0.1985782388788126,0.003001685414323139,0.0023425136084123384,0.007084781649422747,18.8191577517549,14.154049724778119,0.997037555147039
259,0.19942406364047288,0.002975245055395672,0.002308700128875317,0.005515218026039454,18.821374809957128,14.157058314592605,0.9970574338561728
260,0.2002893197849051,0.002949386426742442,0.0022731197450267015,0.0021408909256969604,18.822496647050325,14.158967788726942,0.9970730091361119
261,0.2014651544591715,0.002911327200611604,0.002220460964353881,-0.001181572205897164,18.823144696826848,14.160444043582444,0.9970910836328438
262,0.2028061124601077,0.0028671715656542847,0.0021548389038262283,-0.004582373594078707,18.8234973452988,14.160896055047651,0.9971008002840763
263,0.20409596593947507,0.002815553161146945,0.002101105768634005,-0.004088394618660851,18.82641366994883,14.16282080538523,0.9970866298566569
264,0.20539813726535633,0.0027536911505608892,0.002045730343929036,-0.00254536683129778,18.82947008141559,14.163588140941622,0.9970840966589373
265,0.2062296288692715,0.0027132696389967556,0.0020013111296433824,-0.0031966223060994696,18.83315454566781,14.165174387495782,0.9970959828698444
266,0.20701241616983587,0.0026744382281895488,0.0019598240580709844,-0.004579544312279774,18.83700637859341,14.164865262388908,0.9971043166400817
267,0.20776586239407896,0.0026381626900466317,0.0019183677830374379,-0.00607512705129039,18.840720765772996,14.163865509587104,0.9971132885906269
268,0.20863625451496998,0.0025975193289577638,0.0018732375333907214,-0.007236105076989052,18.8443740128061,14.1626240819926,0.9971328320093584
269,0.20961829720351552,0.002556895581982539,0.0018238912998727495,-0.007537247554082005,18.848101016804232,14.161447128606145,0.9971672358150191
270,0.2108979813844455,0.0025133854313751165,0.001754996633572198,-0.006856845749739407,18.85067144490459,14.159109337186726,0.9972221753072281
271,0.2117499435720452,0.0024908624803526586,0.0017084715559210991,-0.007920350343561698,18.848819528466336,14.15773009433363,0.9972687878745747
272,0.2128400301932888,0.002464033867243441,0.0016479068334620704,-0.008912309891800006,18.847030707815836,14.15715362417226,0.9973303003867923
273,0.21408770010321687,0.0024392091686467055,0.001581329396062363,-0.009920720815330785,18.845696986962,14.157565751341147,0.9974031349658793
274,0.21510483689137846,0.002419209029970699,0.001525254220021893,-0.010280766548744316,18.84630495248781,14.159724232629891,0.9974695340642155
275,0.21624674054254345,0.0023954766547490945,0.0014607479301134065,-0.009354955756206413,18.845850368990053,14.161443638925572,0.9975452802999039
276,0.21740484601484653,0.0023671831337944535,0.0013940406862242023,-0.010930611134169875,18.84599739464592,14.162608169504459,0.9976091935299876
277,0.2184455711477675,0.002341147663167962,0.0013341037284981638,-0.01172678233806826,18.847816097431302,14.163611176630779,0.9976519675303377
278,0.21932873605588385,0.002319093682007102,0.0012861835106563033,-0.012093554744017913,18.849923558008573,14.164895600184636,0.9976859238858928
279,0.22016807760459448,0.002297910427947069,0.0012405994535953124,-0.011900760544543221,18.85219851788703,14.166048932011364,0.9977173985963407
280,0.22119255011316724,0.002272002651185857,0.0011834693665580458,-0.011249962762871747,18.8538148513047,14.167480258019841,0.9977537777570274
281,0.22248032580302787,0.0022372069686406064,0.0011137714668014009,-0.01108214334835154,18.854422304491507,14.168934539369367,0.9977971671553196
282,0.22360792438906807,0.0022050063052578388,0.0010579956129816456,-0.010471404599055104,18.85505158726989,14.170771797256617,0.9978380592938242
283,0.2249835950979095,0.0021657560940131606,0.000990588609833285,-0.01006462109001599,18.856149078349652,14.171155053666343,0.9978929434858462
284,0.22596066993090483,0.002138328398452708,0.000940217169125245,-0.009943741415415647,18.855761506437418,14.170477462106994,0.997938176684393
285,0.22693428628489865,0.002111473296091244,0.0008883637292360395,-0.010281200766898617,18.85537316397083,14.169856798620751,0.9979848264029214
286,0.22793105088059085,0.002084725737724693,0.0008352413244250238,-0.010058770046527553,18.85483548776746,14.169515648540413,0.9980332470250123
287,0.22863926153699937,0.00206582543487687,0.0007996386672273982,-0.009801383208521242,18.855027360786988,14.169755076555644,0.9980668244964066
288,0.22931485392645004,0.0020471992388509446,0.0007653321510006469,-0.009456958239984124,18.85541499400464,14.170041025629875,0.9980998313130682
289,0.2299241590009854,0.0020289914326404967,0.000735583591828505,-0.008809415514427056,18.855937270894636,14.170179076585304,0.9981293173143916
290,0.2305021126601603,0.0020101480036227885,0.0007065877724961452,-0.008350006115238218,18.856701348311976,14.170449797957444,0.9981557592258098
291,0.2310829774052608,0.001990274458968854,0.0006760246223645816,-0.008181363752218267,18.857604190205475,14.170547063375558,0.9981813536496624
292,0.2316822696207118,0.001969248108694008,0.000644651664208759,-0.008021461785298459,18.858453665252192,14.17043264309379,0.9982079068484483
293,0.23231500319519105,0.001946165452587903,0.0006114635046409237,-0.007778309190212005,18.859158863503918,14.170264344940467,0.9982355403292451
294,0.23293649173552636,0.00192309672346709,0.0005777702905981918,-0.007594587549849786,18.859911204613553,14.170054609386147,0.9982627747229118
295,0.23349656920723205,0.0019023387372597066,0.000546607952772472,-0.007487947575539578,18.860876074915932,14.169959491087017,0.9982876164562174
296,0.2340449983102944,0.0018818650724882367,0.0005154436466186546,-0.007222094593416148,18.861814642852803,14.169726730727193,0.9983113061151854
297,0.23459684482313725,0.0018605239341494165,0.00048378292965299346,-0.006962750736770935,18.862719587680232,14.169405632214271,0.998333840795747
298,0.23517281275936577,0.0018379570535529193,0.0004512914741021466,-0.006851096229472958,18.86353458696683,14.168962206524776,0.9983566921691774
299,0.23576246550098331,0.0018151262255001394,0.00041828511516028486,-0.0069004535654968065,18.864333250301154,14.168556186114238,0.9983800806473921
300,0.2590731574802637,0.0008232820404838392,-0.0010447859311739425,0.05800338119646156,19.00205243481223,14.033686689142117,1.0078089917039106
301,0.2590210755530689,0.0006929854393840731,-0.0009160213871237082,-0.00844277792476894,18.942806912740032,14.149978594070767,1.0053824802227609
302,0.25892411963085304,0.0003083855628953685,-0.0005371315682536385,0.013506838116927558,18.828656951954095,14.238902313675347,0.9995231680306491
303,0.2589005496383315,0.00025857833996794516,-0.0004732997708993183,-0.014986261332560782,18.911621666926305,14.185818692057163,0.9997039625597044
304,0.2588707882537762,0.00013683565969914457,-0.0002974773813299188,0.043795092426020005,18.877927881663826,14.162142480647539,0.9999659523939499
305,0.25885697948462677,0.00012502086472376112,-0.0002806701785091455,0.0008520571414679934,18.899523050150602,14.176760862224407,0.9999641093226314
306,0.25877271087530684,-4.21944334892148e-05,-4.447178035898937e-07,-0.02895024530136535,18.932133386388305,14.20067899435053,0.9998618152515821
307,0.2587803618659364,-4.2414157942475095e-05,7.64909953208893e-06,-0.005738502591315198,18.910901070752363,14.18495516485197,0.9998837120836529
308,0.2587884705182975,-3.334292230974044e-05,2.214991987900578e-05,0.00947857453488318,18.8853636688082,14.166163843395093,0.9999335630983178
309,0.25878121118538283,-2.833044437480055e-05,1.9821864807459177e-05,-0.003638424312040745,18.902199496441366,14.178433666373222,0.9999348406140091
310,0.25877406530178876,-5.105295894175413e-06,3.441431675740914e-05,0.012203223893201328,18.907193881168617,14.183022719155973,0.9999337119176442
311,0.25877567100174853,-3.6045656182479416e-06,3.364511233501837e-05,0.000767628380731326,18.904439877231972,14.180347814007144,0.9999333478072097
312,0.2587776308201528,2.029412281106644e-06,3.353992556281598e-05,-0.009353878255273933,18.899470525793806,14.176061436944781,0.9999326939088539
313,0.2587758700530783,3.0368776113250924e-06,3.395086296075636e-05,-0.0018185372963628382,18.90231091071397,14.178601509063027,0.9999340290687972
314,0.2587711417446979,1.8211859045505594e-05,3.247888361951952e-05,-0.003202823084224914,18.908952017512142,14.183629387515284,0.999932605236223
315,0.25877307026827684,1.7905824810220187e-05,3.319081156424983e-05,-0.0018940314623838992,18.904359638992293,14.18014590330426,0.9999328951990739
316,0.25877501393944674,1.806333697695957e-05,3.341075425818871e-05,-0.0017375483583230932,18.899651603408593,14.17657554563158,0.9999333843143613
317,0.25877356470382473,1.8479840352733354e-05,3.27437639446997e-05,-0.0020491619132803505,18.902932346453834,14.179077347646233,0.9999335512333072
318,0.258773642359951,1.9772627496659024e-05,3.166875478612369e-05,0.00043213710951758985,18.90174683542358,14.17816838407373,0.9999335725820895
319,0.25877337769017644,1.9895098909680056e-05,3.135910232341558e-05,-0.0013601264077377528,18.90251445220575,14.17872419321702,0.9999334456945919
320,0.25877302233753063,1.994913793950421e-05,3.107776728583024e-05,-0.003009563929364435,18.903437454896224,14.179457534627584,0.9999333763544141
321,0.2587732247446143,1.980881299399565e-05,3.132192074990706e-05,-0.0017846958925715898,18.902857575778523,14.179036205056118,0.9999335038796591
322,0.2587733128375807,1.9633869079905795e-05,3.133425358394304e-05,-0.002763475527322726,18.902804359361326,14.178874780869052,0.9999333746009308
323,0.2587732615321886,1.959413287064378e-05,3.141305226653506e-05,-0.002072820319690646,18.90282622904034,14.178952869318504,0.9999334680955497
324,0.2587731746809584,1.9535794120205705e-05,3.1491662385982904e-05,-0.0014015610971558328,18.90290448808389,14.179116781652839,0.999933568364298
325,0.25877322210899356,1.954940209335415e-05,3.1448536802474326e-05,-0.0018805918080311247,18.902864841276113,14.179039890451412,0.9999335025160068
326,0.2587733859968759,1.945927042084312e-05,3.1525693372467454e-05,-0.002133983031409527,18.90263649152024,14.178692610062171,0.9999334185755195
327,0.2587732806327004,1.946609557808535e-05,3.151848568853236e-05,-0.0019338697183441799,18.90280748148532,14.178909000410163,0.9999334691111216
328,0.25877316636076375,1.948123471164276e-05,3.150314143184907e-05,-0.00180839805234904,18.902965873797253,14.179183365887285,0.9999335251903715
329,0.25877324617009134,1.947517862306332e-05,3.151302616715865e-05,-0.001913961603584956,18.902832543554045,14.179016117130997,0.9999334949847785
330,0.2587732229474782,1.9483262201608542e-05,3.151337819465821e-05,-0.0017811425721711378,18.902932749821286,14.179002143064116,0.9999335001838404
331,0.2587732400259033,1.9484913885577435e-05,3.1508506769655405e-05,-0.0018849485860279222,18.902879155741743,14.178998687034866,0.9999334917282229
332,0.25877325889585523,1.948314894595183e-05,3.151376640042322e-05,-0.0019416695390129983,18.902779746172826,14.179022360413668,0.9999334969372143
333,0.25877324235614046,1.9485297088487804e-05,3.151129700969731e-05,-0.0018893454832900744,18.902842638058605,14.179022787970341,0.9999334981405633
334,0.2587732487515401,1.9489087531125654e-05,3.1504546528855336e-05,-0.0019287916518693703,18.902863211611386,14.178986725740781,0.9999334856468282
335,0.25877324507445115,1.9487241669980738e-05,3.150924251815235e-05,-0.0018934918629020829,18.902854273782243,14.179003492387958,0.9999334933915127
336,0.2587732426722245,1.948837144229532e-05,3.1507791992573705e-05,-0.001910319341958269,18.902844123303808,14.179023524191951,0.9999334956527323
337,0.2587732442037306,1.9487716195029618e-05,3.1509477763469966e-05,-0.0018940435871249244,18.9028472663482,14.179012984690168,0.9999334955025101
338,0.25877324430626025,1.9488923027284316e-05,3.150728979768986e-05,-0.0019055731824006274,18.902853480547186,14.17900879857576,0.9999334929263655
